Word,Count
the,158
of,87
in,42
Graph,33
is,32
new,31
*************************************************************************,29
if,27
layer,26
vertex,25
edge,24
and,24
to,23
vertices,21
at,20
for,19
A,19
Step,18
Edge-Neighbor,18
E,17
:,17
Roberto,15
Group,15
University,15
Creates,15
by:,15
Product-Line,15
that,15
(rlopez@cs.utexas.edu),15
(GPL),15
Last,15
2001,15
Update:,15
Written,15
Research,15
Austin,15
Department,15
Lopez-Herrejon,15
Representation,15
August,15
Computer,15
Texas,15
Line,15
\7,\,15
Product,15
Sciences,15
Algorithms,15
graph,14
not,14
it,13
with,13
we,13
its,12
queue,12
v,12
a,12
from,11
all,10
edges,10
+,10
each,10
an,10
Adds,10
Architectures,9
<-,9
class,9
list,9
values,8
neighbors,8
end,8
Executes,8
source,8
theVertex,8
visited,8
this,7
Queue,7
adds,7
neighbor,7
Neighbor,7
name,7
are,7
there,7
newGraph,7
predecessor,7
Architecture,6
while,6
contains:,6
object,6
set,6
on,6
node,6
u,6
weights,6
make,6
Vertex,5
start,5
2:,5
contains,5
2,5
root,5
adjacent,5
1:,5
Edge,5
find,5
gray,4
This,4
S,4
objects,4
first,4
method,4
Cormen's,4
transpose,4
8,4
For,4
4,4
same,4
search,4
so,4
3,4
Connected,4
position,4
means,4
1,4
then,4
need,3
no,3
given,3
initialize,3
references,3
return,3
undirected,3
Finds,3
do,3
reads,3
Transpose,3
SSSP,3
DFS,3
based,3
only,3
weight,3
postVisitAction,3
3:,3
*****************************************************************,3
NewGraph,3
old,3
->,3
benchmark,3
ajusts,3
Find,3
adorns,3
Components,3
two,3
we've,3
implementation,3
7,3
ordered,3
6,3
5,3
create,3
,2
element,2
order,2
connected,2
assigns,2
value,2
far,2
without,2
any,2
add,2
Working,2
has,2
\Space,\,2
*********************************************************************************,2
\algorithm,\,2
24.2,2
spanning,2
Predecessor,2
adjust,2
adyacent,2
Relax,2
done,2
dont,2
member,2
preVisitAction,2
priority,2
nodes,2
Initializes,2
number,2
shortest,2
MSTPrim,2
template,2
else,2
head,2
\(u,v\,2
receives,2
key,2
w),2
requires,2
\V[G],\,2
Q!=0,2
call,2
black,2
check,2
predecessor->vertex,2
elements,2
traverse,2
my,2
present,2
minimum,2
consists,2
by,2
as,2
cycle,2
now,2
4),2
single,2
Adding,2
textbook,2
Get,2
actions,2
3),2
\vertices,\,2
directed,2
Cycle,2
copy,2
of:,2
2),2
continue,2
reading,2
Weighted,2
(Vertex,2
Fall,2
dealing,2
objects),2
update,2
formed,2
1),2
\means,\,2
already,2
supply,2
stops,2
decreasing,2
programs,2
s,2
U,2
I,2
been,2
you,2
G,2
path,2
Extract-Min(Q);,2
white,2
Inserts,2
execution,2
The,2
components,2
9,2
tree,2
Strongly,2
way,2
back,2
Textbook,2
empty,2
nondecreasing,1
WorkSpace,1
extra,1
numbering,1
was,1
Strong,1
CycleWorkSpace,1
profiling,1
used,1
TRANSPOSE,1
File,1
BENCHMARK,1
Showing,1
Stops,1
Transposal,1
Character,1
see,1
Number,1
UNDIRECTED,1
Since,1
\visited,\,1
color,1
space,1
mark,1
{u},1
main,1
newly,1
put,1
pos,1
CYCLE,1
except,1
place,1
whose,1
\father,\,1
checkNeighboor,1
one,1
MSTKruskal,1
Creating,1
\checking,\,1
\again,\,1
nondecresing,1
visiting,1
members,1
Edges,1
enqueues,1
non,1
both,1
KRUSKAL,1
sets,1
selected,1
min,1
Remove,1
newNeighbor,1
have,1
thePred,1
(newVertex.neighbors).add(newNeighbor);,1
transposed,1
List,1
traversal,1
beginning,1
VertexCycle,1
Initializig,1
finishing,1
Traverse,1
something,1
\Union(u,v)\,1
weighted,1
features,1
visit,1
23.5,1
bfsNodeSearch,1
*********************************************************,1
\is,\,1
postVisit,1
SHORTEST,1
enqueue,1
checking,1
using,1
according,1
25.2,1
WorkSpaceTranspose,1
unvisited,1
Check,1
skips,1
program,1
process,1
through,1
enough,1
Neighor,1
adjacentNeighbors,1
VertexCount,1
sort,1
ShortestPath,1
depth,1
ComputeTranspose,1
Loophole,1
can,1
theEdge,1
***********************************************************************,1
but,1
read,1
keep,1
\$TEqn.Neighbor(newAdjacent,\,1
accordingly,1
breadth,1
numedges,1
Find-Set(u)!=Find-Set(v),1
remember,1
creates,1
MSTKRUSKAL,1
\Vertex,\,1
8-9,1
Checking,1
INFINITUM,1
Sort,1
also,1
corresponds,1
newAdjacent,1
read/write,1
FinishTimeWorkSpace,1
Linked,1
Order,1
original,1
such,1
theNeighbor,1
Compute,1
Gets,1
trasversal,1
up,1
PRIM,1
longer,1
case,1
or,1
\EOF,\,1
going,1
Done,1
Vertices,1
reference,1
Component,1
difference,1
your,1
BFS,1
times,1
black->2,1
Main,1
Mark,1
\Algorithm,\,1
am,1
\now,\,1
NL,1
If,1
Do,1
At,1
Counter,1
application,1
8:,1
adornments,1
7:,1
End,1
6:,1
5:,1
4:,1
Empty,1
Constructor,1
timmings,1
Dijkstra's,1
Used,1
file,1
WEIGHTED,1
\->0,\,1
\->1,\,1
MST,1
PROGWEIGHTED,1
handler,1
w,1
kruskal,1
NUMBER,1
correspoding,1
j,1
dftNodeSearch,1
Computes,1
initialization,1
strongly,1
V[G],1
DIRECTED,1
recursive,1
=,1
STRONGLYCC,1
reserves,1
adjusts,1
true,1
\WS,\,1
\{(u,v)}\,1
corresponding,1
Make-Set(v),1
newEdge);,1
reinsert,1
0,1
father,1
&,1
whitespaces,1
