
File,LOC,SLOC-P,SLOC-L,MVG,BLOC,C&SLOC,CLOC,CWORD,HCLOC,HCWORD
C:\Dokumente und Einstellungen\cKaestner\Eigene Dateien\uni\db\gpl\GEN\Benchmark\Benchmark.layer88,63,40,3,16,6,9,56,8,35
C:\Dokumente und Einstellungen\cKaestner\Eigene Dateien\uni\db\gpl\GEN\BFS\BFS.layer133,76,53,9,31,4,26,163,8,37
C:\Dokumente und Einstellungen\cKaestner\Eigene Dateien\uni\db\gpl\GEN\Connected\Connected.layer60,37,23,0,11,0,12,42,8,36
C:\Dokumente und Einstellungen\cKaestner\Eigene Dateien\uni\db\gpl\GEN\Cycle\Cycle.layer114,74,43,5,20,10,20,153,8,36
C:\Dokumente und Einstellungen\cKaestner\Eigene Dateien\uni\db\gpl\GEN\DFS\DFS.layer108,65,48,7,23,6,20,111,8,37
C:\Dokumente und Einstellungen\cKaestner\Eigene Dateien\uni\db\gpl\GEN\Directed\Directed.layer183,114,75,9,35,1,34,153,24,97
C:\Dokumente und Einstellungen\cKaestner\Eigene Dateien\uni\db\gpl\GEN\MSTKruskal\MSTKruskal.layer188,124,84,17,30,11,34,231,9,42
C:\Dokumente und Einstellungen\cKaestner\Eigene Dateien\uni\db\gpl\GEN\MSTPrim\MSTPrim.layer206,122,85,17,39,13,45,348,9,42
C:\Dokumente und Einstellungen\cKaestner\Eigene Dateien\uni\db\gpl\GEN\Number\Number.layer56,32,19,1,11,1,13,54,8,38
C:\Dokumente und Einstellungen\cKaestner\Eigene Dateien\uni\db\gpl\GEN\Prog\Prog.layer99,56,45,4,23,3,20,104,8,36
C:\Dokumente und Einstellungen\cKaestner\Eigene Dateien\uni\db\gpl\GEN\Shortest\Shortest.layer219,137,95,18,41,14,41,303,9,43
C:\Dokumente und Einstellungen\cKaestner\Eigene Dateien\uni\db\gpl\GEN\StronglyConnected\StronglyConnected.layer130,81,48,8,28,6,21,99,8,37
C:\Dokumente und Einstellungen\cKaestner\Eigene Dateien\uni\db\gpl\GEN\Transpose\Transpose.layer82,42,29,4,19,4,21,127,8,35
C:\Dokumente und Einstellungen\cKaestner\Eigene Dateien\uni\db\gpl\GEN\Undirected\Undirected.layer201,129,82,13,36,0,36,162,24,97
C:\Dokumente und Einstellungen\cKaestner\Eigene Dateien\uni\db\gpl\GEN\Weighted\Weighted.layer53,33,17,0,8,1,12,46,8,35
