<!-- The excluded FindBugs warnings listed below are "known" and "ok".
     Run FindBugs with this as an exclude file.  For example:

findbugs -textui -exclude FindBugsExclude.xml je.jar

-->
<FindBugsFilter>
     <Match class="com.sleepycat.bind.serial.SerialOutput">
       <BugCode name="MS" />
     </Match>

     <Match class="com.sleepycat.je.tree.Key">
       <BugCode name="MS" />
     </Match>

     <Match class="com.sleepycat.je.txn.LockType">
       <BugCode name="IC" />
     </Match>

     <Match class="com.sleepycat.je.log.LogEntryType">
       <BugCode name="MS" />
     </Match>

     <Match class="com.sleepycat.je.dbi.EnvironmentImpl">
       <BugCode name="ST" />
     </Match>

     <Match class="com.sleepycat.je.log.FileManager">
       <BugCode name="ST" />
     </Match>

     <Match class="com.sleepycat.je.latch.SharedLatch">
       <BugCode name="PS" />
     </Match>

     <Match class="com.sleepycat.je.TransactionStats$Active">
       <BugCode name="SIC" />
     </Match>

     <Match class="com.sleepycat.je.evictor.Evictor">
       <BugCode name="IS2" />
     </Match>

     <Match class="com.sleepycat.je.latch.Latch">
       <BugCode name="IS2" />
     </Match>

     <Match class="com.sleepycat.je.latch.Latch">
       <BugCode name="Wa" />
     </Match>

     <Match class="com.sleepycat.je.cleaner.Cleaner">
       <BugCode name="IS2" />
     </Match>

     <Match class="com.sleepycat.je.cleaner.UtilizationProfile">
       <BugCode name="IS2" />
     </Match>

     <Match class="com.sleepycat.je.recovery.Checkpointer">
       <BugCode name="IS2" />
     </Match>

     <Match class="com.sleepycat.je.txn.Txn">
       <BugCode name="IS2" />
     </Match>

     <Match class="com.sleepycat.collections.StoredMap">
       <BugCode name="IS2" />
     </Match>

     <Match class="com.sleepycat.je.Sequence">
       <BugCode name="IS2" />
     </Match>

     <Match class="com.sleepycat.je.incomp.INCompressor">
       <BugCode name="IS2,BC" />
     </Match>

     <Match class="com.sleepycat.je.tree.IN">
       <BugCode name="MS" />
     </Match>

     <Match class="com.sleepycat.je.txn.Txn">
       <BugCode name="MS" />
     </Match>

     <Match class="com.sleepycat.collections.StoredIterator">
       <BugCode name="RV" />
       <Method name="reset"/>
     </Match>

     <Match class="com.sleepycat.collections.DataView">
       <BugCode name="DE" />
       <Method name="join"/>
     </Match>

     <Match class="com.sleepycat.je.incomp.INCompressor">
       <BugCode name="RCN" />
       <Method name="searchForBIN"/>
     </Match>

     <Match class="com.sleepycat.je.log.FSyncManager$FSyncGroup">
       <BugCode name="NN" />
       <Method name="wakeupOne"/>
     </Match>

     <Match class="com.sleepycat.je.txn.LockManager">
       <BugCode name="NN" />
       <Method name="release"/>
     </Match>

     <Match class="com.sleepycat.je.utilint.DaemonThread">
       <BugCode name="UW" />
       <Method name="run"/>
     </Match>

     <Match classregex="com.sleepycat.je.util.*" >
       <BugCode name="Dm" />
     </Match>

     <Match classregex=".*" >
       <BugCode name="EI,EI2,CD" />
     </Match>

     <!-- Match all doublecheck violations in these methods of "AnotherClass". 
     <Match class="com.foobar.AnotherClass">
       <Or>
         <Method name="nonOverloadedMethod" />
         <Method name="frob" params="int,java.lang.String" returns="void" />
         <Method name="blat" params="" returns="boolean" />
       </Or>
       <BugCode name="DC" />
     </Match>
     -->
</FindBugsFilter>
